Date,Day of week,Autonomous run status,New records added today,SMS Day 1 sent,SMS Day 2 sent,SMS Day 3 sent,Total SMS sent today,Replies received,Positive replies,STOPs,Hot leads tagged,Records moved to Interested,Issues observed,Issues resolved,Notes for Aaron
2026-05-01,Fri,,,,,,,,,,,,,,
2026-05-02,Sat,,,,,,,,,,,,,,
2026-05-03,Sun,,,,,,,,,,,,,,
2026-05-04,Mon,,,,,,,,,,,,,,
2026-05-05,Tue,,,,,,,,,,,,,,
2026-05-06,Wed,,,,,,,,,,,,,,
2026-05-07,Thu,,,,,,,,,,,,,,
2026-05-08,Fri,,,,,,,,,,,,,,
2026-05-09,Sat,,,,,,,,,,,,,,
2026-05-10,Sun,,,,,,,,,,,,,,
2026-05-11,Mon,,,,,,,,,,,,,,
2026-05-12,Tue,,,,,,,,,,,,,,
2026-05-13,Wed,,,,,,,,,,,,,,
2026-05-14,Thu,,,,,,,,,,,,,,
2026-05-15,Fri,,,,,,,,,,,,,,
2026-05-16,Sat,,,,,,,,,,,,,,
2026-05-17,Sun,,,,,,,,,,,,,,
2026-05-18,Mon,,,,,,,,,,,,,,
2026-05-19,Tue,,,,,,,,,,,,,,
2026-05-20,Wed,,,,,,,,,,,,,,
2026-05-21,Thu,,,,,,,,,,,,,,
2026-05-22,Fri,,,,,,,,,,,,,,
2026-05-23,Sat,,,,,,,,,,,,,,
2026-05-24,Sun,,,,,,,,,,,,,,
2026-05-25,Mon,,,,,,,,,,,,,,
2026-05-26,Tue,,,,,,,,,,,,,,
2026-05-27,Wed,,,,,,,,,,,,,,
2026-05-28,Thu,,,,,,,,,,,,,,
2026-05-29,Fri,,,,,,,,,,,,,,
2026-05-30,Sat,,,,,,,,,,,,,,
2026-05-31,Sun,,,,,,,,,,,,,,
